all_primary_preds,all_secondary_preds,useful_secondary_preds,normalized_useful_secondary_preds,nooverlap_primary_preds,nooverlap_normalized_useful_secondary_preds,overlapping_preds
0.8232735395431519,0.9940166473388672,0.9940166473388672,0.8232735395431519,0.6692515015602112,0.6325626373291016,0.8232735395431519
0.8021828532218933,0.9938644766807556,0.9938644766807556,0.8232305645942688,0.6679269671440125,0.6265090107917786,0.8232735395431519
0.7926537394523621,0.99309241771698,0.99309241771698,0.8230125308036804,0.6668472290039062,0.6239241361618042,0.8232305645942688
0.7880845069885254,0.9899970293045044,0.9899970293045044,0.8221383094787598,0.6627166271209717,0.6174906492233276,0.8221383094787598
0.7597485780715942,0.9013187885284424,0.9013187885284424,0.7970933318138123,0.6617335081100464,0.6138861775398254,0.7970933318138123
0.7276087999343872,0.8310844898223877,0.8310844898223877,0.7772573828697205,0.6476701498031616,0.6135526895523071,0.7926537394523621
0.7108405828475952,0.8048571348190308,0.8048571348190308,0.7698501348495483,0.6475470066070557,0.6093531250953674,0.7772573828697205
0.6947829127311707,0.7956130504608154,0.7956130504608154,0.7672393321990967,0.6462702751159668,0.6031749248504639,0.7698501348495483
0.6728986501693726,0.7338243126869202,0.7338243126869202,0.7497886419296265,0.6457221508026123,0.6022245287895203,0.7672393321990967
0.6692515015602112,0.6677832007408142,0.6677832007408142,0.7311369776725769,0.6391072273254395,0.6010745763778687,0.7497886419296265
0.6679269671440125,0.5784927010536194,0.5784927010536194,0.7059190273284912,0.6377713680267334,0.5984557867050171,0.7311369776725769
0.6668472290039062,0.5584379434585571,0.5584379434585571,0.7002550959587097,0.6371871829032898,0.5896287560462952,0.7276087999343872
0.6627166271209717,0.5535039305686951,0.5535039305686951,0.6988615989685059,0.6371808648109436,0.5890171527862549,0.7059190273284912
0.6617335081100464,0.5366718173027039,0.5366718173027039,0.6941077709197998,0.6359119415283203,0.5869163274765015,0.6988615989685059
0.6605138182640076,0.4589233100414276,0.4589233100414276,0.672149658203125,0.6244227290153503,0.586809515953064,0.6941077709197998
0.655999481678009,0.39565977454185486,0.39565977454185486,0.6542823910713196,0.6216799020767212,0.5812593698501587,0.672149658203125
0.6476701498031616,0.34930503368377686,0.34930503368377686,0.6411906480789185,0.6187589168548584,0.579007625579834,0.655999481678009
0.6475470066070557,0.34021738171577454,0.34021738171577454,0.6386240720748901,0.6168438792228699,0.5783200860023499,0.6542823910713196
0.6462702751159668,0.318755179643631,0.318755179643631,0.6325626373291016,0.6153573989868164,0.572684109210968,0.6411906480789185
0.6457221508026123,0.2973209023475647,0.2973209023475647,0.6265090107917786,0.6143317222595215,0.5715113282203674,0.6386240720748901
0.6391072273254395,0.28816840052604675,0.28816840052604675,0.6239241361618042,0.6141848564147949,0.5658379197120667,0.6240636110305786
0.6377713680267334,0.2697947323322296,0.2697947323322296,0.6187349557876587,0.6112468838691711,0.5650362968444824,0.6187349557876587
0.6371871829032898,0.2672482132911682,0.2672482132911682,0.6180157661437988,0.6094157099723816,0.564578652381897,0.6180157661437988
0.6371808648109436,0.2653891146183014,0.2653891146183014,0.6174906492233276,0.6080947518348694,0.5631217956542969,0.6167172789573669
0.6359119415283203,0.2526263892650604,0.2526263892650604,0.6138861775398254,0.601197361946106,0.5612753033638,0.6124433875083923
0.6244227290153503,0.25144559144973755,0.25144559144973755,0.6135526895523071,0.6000714302062988,0.5605915188789368,0.6045517921447754
0.6240636110305786,0.24751779437065125,0.24751779437065125,0.6124433875083923,0.5999388098716736,0.5579844117164612,0.601440966129303
0.6216799020767212,0.23657605051994324,0.23657605051994324,0.6093531250953674,0.598637044429779,0.5541348457336426,0.5999061465263367
0.6187589168548584,0.21470043063163757,0.21470043063163757,0.6031749248504639,0.5982754826545715,0.5540577173233032,0.599210798740387
0.6168438792228699,0.21133527159690857,0.21133527159690857,0.6022245287895203,0.5976566672325134,0.5539774298667908,0.5984063744544983
0.6167172789573669,0.2072637379169464,0.2072637379169464,0.6010745763778687,0.597346305847168,0.5537502765655518,0.5941976308822632
0.6153573989868164,0.2006644457578659,0.2006644457578659,0.599210798740387,0.5930488109588623,0.5532824993133545,0.5895565748214722
0.6143317222595215,0.19799114763736725,0.19799114763736725,0.5984557867050171,0.5913811922073364,0.5527631640434265,0.5876250267028809
0.6141848564147949,0.16673670709133148,0.16673670709133148,0.5896287560462952,0.5885226130485535,0.552697479724884,0.5837778449058533
0.6112468838691711,0.1645711213350296,0.1645711213350296,0.5890171527862549,0.5876421928405762,0.5526870489120483,0.582625687122345
0.6094157099723816,0.15713275969028473,0.15713275969028473,0.5869163274765015,0.5847063660621643,0.5516833066940308,0.5812966227531433
0.6080947518348694,0.15675461292266846,0.15675461292266846,0.586809515953064,0.5846850275993347,0.5512128472328186,0.5778116583824158
0.6045517921447754,0.14602018892765045,0.14602018892765045,0.5837778449058533,0.5841975212097168,0.5511525273323059,0.5778000354766846
0.601440966129303,0.14194059371948242,0.14194059371948242,0.582625687122345,0.5830245614051819,0.551067054271698,0.5761895179748535
0.601197361946106,0.13723471760749817,0.13723471760749817,0.5812966227531433,0.5815702080726624,0.5506404042243958,0.5758198499679565
0.6000714302062988,0.13710279762744904,0.13710279762744904,0.5812593698501587,0.5797684192657471,0.550393283367157,0.574973464012146
0.5999388098716736,0.12912991642951965,0.12912991642951965,0.579007625579834,0.5795464515686035,0.5502126812934875,0.5691108107566833
0.5999061465263367,0.1266954243183136,0.1266954243183136,0.5783200860023499,0.5793532133102417,0.5501309633255005,0.5667418837547302
0.598637044429779,0.1248953640460968,0.1248953640460968,0.5778116583824158,0.578919529914856,0.5496785044670105,0.565967857837677
0.5984063744544983,0.1191517561674118,0.1191517561674118,0.5761895179748535,0.5773424506187439,0.5495688915252686,0.5635800361633301
0.5982754826545715,0.11784268915653229,0.11784268915653229,0.5758198499679565,0.5763479471206665,0.5489391088485718,0.5623065233230591
0.5976566672325134,0.10673987120389938,0.10673987120389938,0.572684109210968,0.5718585848808289,0.5485592484474182,0.5590857863426208
0.597346305847168,0.10258741676807404,0.10258741676807404,0.5715113282203674,0.5704324841499329,,0.5589702725410461
0.5970065593719482,0.09408757835626602,0.09408757835626602,0.5691108107566833,0.5695834755897522,,0.5561989545822144
0.5941976308822632,0.0933104082942009,0.0933104082942009,0.5688912868499756,0.5688759088516235,,0.5551614165306091
0.5930488109588623,0.08569981902837753,0.08569981902837753,0.5667418837547302,0.5688222050666809,,0.555147647857666
0.592875599861145,0.08249907940626144,0.08249907940626144,0.5658379197120667,0.5686007738113403,,0.5538045167922974
0.5913811922073364,0.08204968273639679,0.08204968273639679,0.5657109618186951,0.568172037601471,,0.5531004071235657
0.5895565748214722,0.07966072112321854,0.07966072112321854,0.5650362968444824,0.5673534870147705,,0.5530648231506348
0.5892164707183838,0.0780404806137085,0.0780404806137085,0.564578652381897,0.5667383074760437,,0.5526813864707947
0.5885226130485535,0.07747051864862442,0.07747051864862442,0.5644177198410034,0.5666894912719727,,0.5525240302085876
0.5876421928405762,0.07450462132692337,0.07450462132692337,0.5635800361633301,0.5656322836875916,,0.5517803430557251
0.5876250267028809,0.07288206368684769,0.07288206368684769,0.5631217956542969,0.5645937323570251,,0.5512046813964844
0.5847063660621643,0.06999523192644119,0.06999523192644119,0.5623065233230591,0.5634306073188782,,0.5511966943740845
0.5846850275993347,0.06983403861522675,0.06983403861522675,0.5622609853744507,0.562464714050293,,0.5506216883659363
0.5841975212097168,0.06634393334388733,0.06634393334388733,0.5612753033638,0.5620170831680298,,0.5505077838897705
0.5830245614051819,0.06392285972833633,0.06392285972833633,0.5605915188789368,0.5605692267417908,,0.5502007603645325
0.5815702080726624,0.05818244442343712,0.05818244442343712,0.5589702725410461,0.5587263703346252,,0.5490947365760803
0.5797684192657471,0.057997751981019974,0.057997751981019974,0.5589181184768677,0.5579320192337036,,0.5490691661834717
0.5795464515686035,0.05469181016087532,0.05469181016087532,0.5579844117164612,0.5576799511909485,,0.5489994883537292
0.5793532133102417,0.04922550171613693,0.04922550171613693,0.5564405918121338,0.5566602349281311,,0.5489513278007507
0.578919529914856,0.04836990311741829,0.04836990311741829,0.5561989545822144,0.5548858046531677,,0.5486879348754883
0.5782901644706726,0.044696178287267685,0.044696178287267685,0.5551614165306091,0.5546877980232239,,0.5486146807670593
0.5778000354766846,0.04464758187532425,0.04464758187532425,0.555147647857666,0.5543707013130188,,0.5486019849777222
0.5773424506187439,0.041061438620090485,0.041061438620090485,0.5541348457336426,0.554244339466095,,
0.5763479471206665,0.0407881923019886,0.0407881923019886,0.5540577173233032,0.5540511608123779,,
0.574973464012146,0.04050407186150551,0.04050407186150551,0.5539774298667908,0.5538119673728943,,
0.5718585848808289,0.04014834761619568,0.04014834761619568,0.5538769960403442,0.552985429763794,,
0.5704324841499329,0.03989177942276001,0.03989177942276001,0.5538045167922974,0.5529308319091797,,
0.5695834755897522,0.039699725806713104,0.039699725806713104,0.5537502765655518,0.5527538657188416,,
0.5688759088516235,0.03804343566298485,0.03804343566298485,0.5532824993133545,0.5524288415908813,,
0.5688222050666809,0.03739866241812706,0.03739866241812706,0.5531004071235657,0.552270770072937,,
0.5686007738113403,0.03727279603481293,0.03727279603481293,0.5530648231506348,0.5517388582229614,,
0.568172037601471,0.03620469197630882,0.03620469197630882,0.5527631640434265,0.5504614114761353,,
0.5673534870147705,0.03597210720181465,0.03597210720181465,0.552697479724884,0.5499929189682007,,
0.5667383074760437,0.03593514487147331,0.03593514487147331,0.5526870489120483,0.5497999787330627,,
0.5666894912719727,0.035915132611989975,0.035915132611989975,0.5526813864707947,0.5495197772979736,,
0.565967857837677,0.035698097199201584,0.035698097199201584,0.5526201128959656,0.5489991307258606,,
0.5656322836875916,0.03535789996385574,0.03535789996385574,0.5525240302085876,0.5488286018371582,,
0.5645937323570251,0.033096443861722946,0.033096443861722946,0.5518853664398193,0.5486816763877869,,
0.5634306073188782,0.03272472321987152,0.03272472321987152,0.5517803430557251,0.5479244589805603,,
0.562464714050293,0.03238116577267647,0.03238116577267647,0.5516833066940308,0.547305166721344,,
0.5620170831680298,0.030715255066752434,0.030715255066752434,0.5512128472328186,0.5458288192749023,,
0.5605692267417908,0.030686352401971817,0.030686352401971817,0.5512046813964844,0.5454771518707275,,
0.5590857863426208,0.03065810725092888,0.03065810725092888,0.5511966943740845,0.54488605260849,,
0.5589858889579773,0.03050179034471512,0.03050179034471512,0.5511525273323059,0.5444046258926392,,
0.5587263703346252,0.030241256579756737,0.030241256579756737,0.5510789752006531,0.5439132452011108,,
0.5579320192337036,0.030199170112609863,0.030199170112609863,0.551067054271698,0.5435148477554321,,
0.5576799511909485,0.029623689129948616,0.029623689129948616,0.5509045720100403,0.5428561568260193,,
0.5566602349281311,0.028688330203294754,0.028688330203294754,0.5506404042243958,0.5425949096679688,,
0.5548858046531677,0.028622202575206757,0.028622202575206757,0.5506216883659363,0.542190432548523,,
0.5546877980232239,0.028218762949109077,0.028218762949109077,0.5505077838897705,0.5421383380889893,,
0.5543707013130188,0.027813462540507317,0.027813462540507317,0.550393283367157,0.5418542623519897,,
0.554244339466095,0.0271738450974226,0.0271738450974226,0.5502126812934875,0.5415370464324951,,
0.5540511608123779,0.02713167294859886,0.02713167294859886,0.5502007603645325,0.5393508076667786,,
0.5538119673728943,0.02688458003103733,0.02688458003103733,0.5501309633255005,0.5390311479568481,,
0.552985429763794,0.0268589835613966,0.0268589835613966,0.5501237511634827,0.5385227799415588,,
0.5529308319091797,0.025282571092247963,0.025282571092247963,0.5496785044670105,0.5382518172264099,,
0.5527538657188416,0.024894535541534424,0.024894535541534424,0.5495688915252686,0.5382446050643921,,
0.5524288415908813,0.024723587557673454,0.024723587557673454,0.5495206117630005,0.5381911396980286,,
0.552270770072937,0.02366754412651062,0.02366754412651062,0.5492224097251892,0.5373842716217041,,
0.5517388582229614,0.023215506225824356,0.023215506225824356,0.5490947365760803,0.5369106531143188,,
0.5504614114761353,0.02312503755092621,0.02312503755092621,0.5490691661834717,0.5368925929069519,,
0.5499951243400574,0.022878378629684448,0.022878378629684448,0.5489994883537292,0.5367741584777832,,
0.5499929189682007,0.02270776964724064,0.02270776964724064,0.5489513278007507,0.5367574691772461,,
0.5497999787330627,0.022664610296487808,0.022664610296487808,0.5489391088485718,0.5366752743721008,,
0.5495197772979736,0.021775228902697563,0.021775228902697563,0.5486879348754883,0.5366597175598145,,
0.5489991307258606,0.02167973294854164,0.02167973294854164,0.5486609935760498,0.5366125106811523,,
0.5488286018371582,0.021515754982829094,0.021515754982829094,0.5486146807670593,0.5365385413169861,,
0.5488135814666748,0.021470777690410614,0.021470777690410614,0.5486019849777222,0.5363820195198059,,
0.5486816763877869,0.021319542080163956,0.021319542080163956,0.5485592484474182,0.5356967449188232,,
0.5485592484474182,0.021127549931406975,,,0.5345184206962585,,
0.5479244589805603,0.02080935798585415,,,0.5344365835189819,,
0.547305166721344,0.020567456260323524,,,0.5342768430709839,,
0.5468266606330872,0.020539317280054092,,,0.5341535806655884,,
0.5458288192749023,0.02021355926990509,,,0.5340728759765625,,
0.5454771518707275,0.019809255376458168,,,0.5340204238891602,,
0.5454347133636475,0.01922977901995182,,,0.5339780449867249,,
0.54488605260849,0.01874924823641777,,,0.5338749289512634,,
0.5444046258926392,0.018656516447663307,,,0.5338563919067383,,
0.5439132452011108,0.018360041081905365,,,0.5337570309638977,,
0.5435148477554321,0.01835056021809578,,,0.533315122127533,,
0.5428561568260193,0.018243592232465744,,,0.5327759385108948,,
0.5425949096679688,0.01819280907511711,,,0.5325375199317932,,
0.542190432548523,0.018151763826608658,,,0.5324162840843201,,
0.5421383380889893,0.018042409792542458,,,0.532374382019043,,
0.5418542623519897,0.017917059361934662,,,0.5318781137466431,,
0.5415370464324951,0.017842086032032967,,,0.5314545631408691,,
0.5393508076667786,0.01769937016069889,,,0.5313884615898132,,
0.5390311479568481,0.017540713772177696,,,0.5313690900802612,,
0.5385227799415588,0.01743859425187111,,,0.5311993956565857,,
0.5382518172264099,0.01732240989804268,,,0.5311564207077026,,
0.5382446050643921,0.01728847436606884,,,0.5308416485786438,,
0.5381911396980286,0.017017854377627373,,,0.5300641059875488,,
0.5379146337509155,0.016902761533856392,,,0.5298757553100586,,
0.5373842716217041,0.01682206615805626,,,0.5298176407814026,,
0.5369106531143188,0.01669241115450859,,,0.5295690894126892,,
0.5368925929069519,0.016676273196935654,,,0.5294969081878662,,
0.5367741584777832,0.01641971804201603,,,0.5294338464736938,,
0.5367574691772461,0.015960613265633583,,,0.528865396976471,,
0.5366752743721008,0.01583852246403694,,,0.5287173390388489,,
0.5366597175598145,0.015702957287430763,,,0.5286077857017517,,
0.5366125106811523,0.01558739971369505,,,0.5279058814048767,,
0.5365385413169861,0.01540399994701147,,,0.5277901887893677,,
0.5363820195198059,0.015234516002237797,,,0.5271547436714172,,
0.5356967449188232,0.015017653815448284,,,0.5263873338699341,,
0.5354154706001282,0.0144245820119977,,,0.5254855155944824,,
0.5350443124771118,0.01395980454981327,,,0.5254824161529541,,
0.5347493886947632,0.013879569247364998,,,0.5250666737556458,,
0.5345184206962585,0.013861601240932941,,,0.5242244601249695,,
0.5344365835189819,0.013807742856442928,,,0.5237346291542053,,
0.5342768430709839,0.013745177537202835,,,0.5234905481338501,,
0.5341535806655884,0.013256136327981949,,,0.5234677791595459,,
0.5340728759765625,0.012764401733875275,,,0.5227934718132019,,
0.5340204238891602,0.01249552983790636,,,0.5221918821334839,,
0.5339780449867249,0.012355636805295944,,,0.5221250653266907,,
0.5338749289512634,0.012109930627048016,,,0.521958589553833,,
0.5338563919067383,0.012108305469155312,,,0.521683394908905,,
0.5337570309638977,0.011971855536103249,,,0.5214941501617432,,
0.533315122127533,0.011698014102876186,,,0.5214772820472717,,
0.5327759385108948,0.011671428568661213,,,0.5213835835456848,,
0.5325375199317932,0.011577984318137169,,,0.5213385224342346,,
0.5324162840843201,0.011551673524081707,,,0.5212827920913696,,
0.532374382019043,0.011507145129144192,,,0.5212147235870361,,
0.5318781137466431,0.011490344069898129,,,0.521082878112793,,
0.5314545631408691,0.011311875656247139,,,0.5209599733352661,,
0.5313884615898132,0.011271130293607712,,,0.5205703973770142,,
0.5313690900802612,0.011220824904739857,,,0.520501971244812,,
0.5311993956565857,0.011166068725287914,,,0.5202811360359192,,
0.5311564207077026,0.010965149849653244,,,0.5201883316040039,,
0.5308416485786438,0.01095648668706417,,,0.5200920701026917,,
0.5305328965187073,0.010910885408520699,,,0.5199053883552551,,
0.5300641059875488,0.01072584930807352,,,0.5197675824165344,,
0.5298757553100586,0.010607671923935413,,,0.5197529792785645,,
0.5298176407814026,0.009942621923983097,,,0.5192581415176392,,
0.5295690894126892,0.009886289946734905,,,0.5189545750617981,,
0.5294969081878662,0.009845936670899391,,,0.5189338326454163,,
0.5294338464736938,0.009749251417815685,,,0.5188649892807007,,
0.528865396976471,0.009519625455141068,,,0.5184577703475952,,
0.5287173390388489,0.009511949494481087,,,0.5181862115859985,,
0.5286077857017517,0.009510017931461334,,,0.518135666847229,,
0.5279058814048767,0.009459826163947582,,,0.5180410146713257,,
0.5277901887893677,0.009162724018096924,,,0.5180041790008545,,
0.5271547436714172,0.009114191867411137,,,0.5175684690475464,,
0.5263873338699341,0.008994383737444878,,,0.5175656676292419,,
0.5254855155944824,0.008862212300300598,,,0.5171101689338684,,
0.5254824161529541,0.008785109966993332,,,0.5169949531555176,,
0.5252719521522522,0.008748277090489864,,,0.5168870687484741,,
0.5250666737556458,0.008717336691915989,,,0.5167585611343384,,
0.5246338248252869,0.008691476657986641,,,0.5162662863731384,,
0.5242480635643005,0.008534068241715431,,,0.515900731086731,,
0.5242244601249695,0.008519696071743965,,,0.5149984359741211,,
0.5237346291542053,0.008441515266895294,,,0.5146076083183289,,
0.5234905481338501,0.008288023062050343,,,0.5144325494766235,,
0.5234677791595459,0.008118263445794582,,,0.5144109725952148,,
0.5232560038566589,0.008083014748990536,,,0.5143857598304749,,
0.5227934718132019,0.00801959540694952,,,0.5142396092414856,,
0.5221918821334839,0.007984843105077744,,,0.5139313340187073,,
0.5221250653266907,0.007953520864248276,,,0.5134968757629395,,
0.521958589553833,0.007884923368692398,,,0.5132787227630615,,
0.521683394908905,0.007876385934650898,,,0.5128839612007141,,
0.5214941501617432,0.007745837327092886,,,0.5124938488006592,,
0.5214772820472717,0.007664069067686796,,,0.5116618275642395,,
0.5213835835456848,0.007594256196171045,,,0.511494517326355,,
0.5213385224342346,0.007566648535430431,,,0.5113396644592285,,
0.5212827920913696,0.007520617917180061,,,0.5112363696098328,,
0.5212147235870361,0.007514662574976683,,,0.510872483253479,,
0.521082878112793,0.007333763409405947,,,0.5107569694519043,,
0.5209599733352661,0.007233606185764074,,,0.510615348815918,,
0.5205703973770142,0.007226425223052502,,,0.5105366110801697,,
0.520501971244812,0.007142497692257166,,,0.5103271007537842,,
0.5202811360359192,0.007132988888770342,,,0.510261058807373,,
0.5201883316040039,0.007002340164035559,,,0.5101567506790161,,
0.5200920701026917,0.006939045153558254,,,0.5101232528686523,,
0.5199053883552551,0.006905992515385151,,,0.5100069046020508,,
0.5197675824165344,0.006814037915319204,,,0.5098845958709717,,
0.5197529792785645,0.006752456072717905,,,0.5097411870956421,,
0.5192581415176392,0.006628321949392557,,,0.5096386671066284,,
0.5189545750617981,0.0064769615419209,,,0.5095478296279907,,
0.5189338326454163,0.006458362564444542,,,0.5094910860061646,,
0.5188649892807007,0.006321452558040619,,,0.5089781284332275,,
0.5184577703475952,0.006279163993895054,,,0.5089588761329651,,
0.5181862115859985,0.006224733777344227,,,0.5085898041725159,,
0.518135666847229,0.006196706555783749,,,0.5081437230110168,,
0.5181277394294739,0.006145386025309563,,,0.5079873204231262,,
0.5180410146713257,0.006041955668479204,,,0.5071789622306824,,
0.5180041790008545,0.006020961795002222,,,0.5063555240631104,,
0.5175684690475464,0.0059897080063819885,,,0.5060551166534424,,
0.5175656676292419,0.00596038531512022,,,0.5059462785720825,,
0.5171101689338684,0.005945734214037657,,,0.5058565735816956,,
0.5169949531555176,0.005921414587646723,,,0.5056511759757996,,
0.5169082283973694,0.005903698969632387,,,0.505243182182312,,
0.5168870687484741,0.005773270968347788,,,0.5052043795585632,,
0.5167585611343384,0.0057555269449949265,,,0.5050830245018005,,
0.5162662863731384,0.005739948246628046,,,0.504508376121521,,
0.515900731086731,0.005697126965969801,,,0.5043089389801025,,
0.5150308012962341,0.005692823324352503,,,0.5042315125465393,,
0.5149984359741211,0.005689968355000019,,,0.5041988492012024,,
0.5146076083183289,0.00564061664044857,,,0.5041706562042236,,
0.5144325494766235,0.005628537852317095,,,0.5041671395301819,,
0.5144109725952148,0.005587710067629814,,,0.5038760900497437,,
0.5143857598304749,0.005578835029155016,,,0.5037961006164551,,
0.5142396092414856,0.005565946456044912,,,0.5037767291069031,,
0.5139313340187073,0.005487767048180103,,,0.5037208199501038,,
0.5134968757629395,0.00547986663877964,,,0.5036557912826538,,
0.5132849216461182,0.00544815044850111,,,0.5035156607627869,,
0.5132787227630615,0.0053883204236626625,,,0.5032861828804016,,
0.5128839612007141,0.005374533124268055,,,0.5032762289047241,,
0.5124938488006592,0.00536093907430768,,,0.5028989911079407,,
0.5116618275642395,0.005146493669599295,,,0.5028907656669617,,
0.511494517326355,0.00507903890684247,,,0.5023528337478638,,
0.5113396644592285,0.005054108332842588,,,0.5022938251495361,,
0.5112363696098328,0.004998915363103151,,,0.5022662878036499,,
0.510872483253479,0.004957578610628843,,,0.5022076368331909,,
0.5107569694519043,0.004858256317675114,,,0.5020778179168701,,
0.510615348815918,0.00483122980222106,,,0.501919686794281,,
0.5105366110801697,0.00478112930431962,,,0.5019187927246094,,
0.5103271007537842,0.004704644437879324,,,0.5014850497245789,,
0.510261058807373,0.004677589051425457,,,0.5014822483062744,,
0.5101567506790161,0.004652031231671572,,,0.50126713514328,,
0.5101232528686523,0.00458502396941185,,,0.5010439157485962,,
0.5100069046020508,0.004574259277433157,,,0.50050950050354,,
0.5098845958709717,0.004570105578750372,,,0.5003225207328796,,
0.5097411870956421,0.00449011055752635,,,0.5001910328865051,,
0.5096386671066284,0.004382137209177017,,,0.500150203704834,,
0.5095478296279907,0.004375289659947157,,,0.4994143545627594,,
0.5094910860061646,0.004318873398005962,,,0.49901482462882996,,
0.5089781284332275,0.0043105436488986015,,,0.49853408336639404,,
0.5089588761329651,0.004296523053199053,,,0.4983524978160858,,
0.5085898041725159,0.004257412161678076,,,0.49811646342277527,,
0.5081437230110168,0.004254152532666922,,,0.4979686737060547,,
0.5079873204231262,0.004235096741467714,,,0.49795785546302795,,
0.5071789622306824,0.0042125205509364605,,,0.49792858958244324,,
0.5063555240631104,0.00419083796441555,,,0.49737271666526794,,
0.5060551166534424,0.004168043378740549,,,0.4971081614494324,,
0.5059462785720825,0.0041611273773014545,,,0.4969474971294403,,
0.5058565735816956,0.00410814955830574,,,0.49692198634147644,,
0.5056511759757996,0.0039873248897492886,,,0.4968414008617401,,
0.505243182182312,0.003914972301572561,,,0.49679359793663025,,
0.5052043795585632,0.003901927499100566,,,0.4966049790382385,,
0.5050830245018005,0.003891440574079752,,,0.4964364767074585,,
0.5049251914024353,0.0038907069247215986,,,0.4963681101799011,,
0.504508376121521,0.003881409764289856,,,0.49630892276763916,,
0.5043089389801025,0.0038696592673659325,,,0.4959162771701813,,
0.5042315125465393,0.003862956305965781,,,0.4957967698574066,,
0.5041988492012024,0.0038527892902493477,,,0.4957805573940277,,
0.5041706562042236,0.003830305067822337,,,0.4957273304462433,,
0.5041671395301819,0.003783821128308773,,,0.4956994652748108,,
0.5038760900497437,0.0037640719674527645,,,0.4955576956272125,,
0.5037961006164551,0.003721763612702489,,,0.49530261754989624,,
0.5037767291069031,0.003628636710345745,,,0.4952426254749298,,
0.5037208199501038,0.0036257142201066017,,,0.49501144886016846,,
0.5036557912826538,0.003623062279075384,,,0.495003342628479,,
0.5035156607627869,0.003605653066188097,,,0.49482929706573486,,
0.5032861828804016,0.0035822612699121237,,,0.4944974184036255,,
0.5032762289047241,0.0035818968899548054,,,0.4944320619106293,,
0.5028989911079407,0.003545922227203846,,,0.4941651523113251,,
0.5028907656669617,0.0035335870925337076,,,0.49412694573402405,,
0.5023528337478638,0.003507031127810478,,,0.4940837025642395,,
0.5022938251495361,0.0034975619055330753,,,0.4940601885318756,,
0.5022662878036499,0.0034967062529176474,,,0.49386000633239746,,
0.5022076368331909,0.0034923404455184937,,,0.49380654096603394,,
0.5020778179168701,0.003461376763880253,,,0.49359145760536194,,
0.501919686794281,0.0034287518355995417,,,0.49357080459594727,,
0.5019187927246094,0.0034269564785063267,,,0.4932057857513428,,
0.5014850497245789,0.003271515481173992,,,0.49319732189178467,,
0.5014822483062744,0.003266950836405158,,,0.4931347966194153,,
0.5013045072555542,0.0032634837552905083,,,0.4929191768169403,,
0.50126713514328,0.0032372167333960533,,,0.49280932545661926,,
0.5010439157485962,0.0032279735896736383,,,0.49264034628868103,,
0.50050950050354,0.0032061843667179346,,,0.4924278259277344,,
0.5003225207328796,0.0032040346413850784,,,0.4923285245895386,,
0.5001910328865051,0.003196478122845292,,,0.4922401010990143,,
0.500150203704834,0.0031905367504805326,,,0.4921509921550751,,
0.4994143545627594,0.003168402938172221,,,0.49203458428382874,,
0.49901482462882996,0.0031456081196665764,,,0.4916364550590515,,
0.49853408336639404,0.003137937979772687,,,0.4915612041950226,,
0.4983986020088196,0.0031100623309612274,,,0.4910511374473572,,
0.4983524978160858,0.003109497483819723,,,0.4909835457801819,,
0.49811646342277527,0.0031018401496112347,,,0.49078264832496643,,
0.4979686737060547,0.003094798419624567,,,0.4907624125480652,,
0.49795785546302795,0.0030742355156689882,,,0.49064964056015015,,
0.49792858958244324,0.0030527852941304445,,,0.4906182885169983,,
0.49740493297576904,0.003047540783882141,,,0.4904729127883911,,
0.49737271666526794,0.0030473785009235144,,,0.49012869596481323,,
0.4971081614494324,0.0030057516414672136,,,0.4899826645851135,,
0.4969474971294403,0.002993964124470949,,,0.489925742149353,,
0.49692198634147644,0.0029840616043657064,,,0.4898225963115692,,
0.4968414008617401,0.002969147637486458,,,0.4897574484348297,,
0.49679359793663025,0.002953147981315851,,,0.48967665433883667,,
0.4966049790382385,0.002947357716038823,,,0.48961642384529114,,
0.4964364767074585,0.0029340474866330624,,,0.48948240280151367,,
0.4963681101799011,0.0029274290427565575,,,0.48945844173431396,,
0.49630892276763916,0.0029261335730552673,,,0.4892452359199524,,
0.4959162771701813,0.002880191896110773,,,0.4891369938850403,,
0.4957967698574066,0.002853856887668371,,,0.48910295963287354,,
0.4957805573940277,0.002851675497367978,,,0.4889064431190491,,
0.4957273304462433,0.0028504447545856237,,,0.4888838231563568,,
0.4956994652748108,0.0028226233553141356,,,0.48845604062080383,,
0.4955576956272125,0.0027737170457839966,,,0.4878506660461426,,
0.49530261754989624,0.0027497592382133007,,,0.4875674545764923,,
0.4952426254749298,0.0027472733054310083,,,0.48747938871383667,,
0.49501144886016846,0.0027359372470527887,,,0.4872886538505554,,
0.495003342628479,0.002717965515330434,,,0.486754447221756,,
0.49482929706573486,0.0027163077611476183,,,0.48672613501548767,,
0.4944974184036255,0.0027139345183968544,,,0.4866742491722107,,
0.4944320619106293,0.0026834115851670504,,,0.4865107536315918,,
0.4941651523113251,0.002682165242731571,,,0.4862610697746277,,
0.49412694573402405,0.0026757149025797844,,,0.4862024486064911,,
0.4940837025642395,0.002671005902811885,,,0.4861873686313629,,
0.4940601885318756,0.0026701597962528467,,,0.48617225885391235,,
0.49386000633239746,0.002656967379152775,,,0.48606863617897034,,
0.49380654096603394,0.002620526123791933,,,0.4859273135662079,,
0.49359145760536194,0.002600254025310278,,,0.48586738109588623,,
0.49357080459594727,0.002558092586696148,,,0.48566967248916626,,
0.4932057857513428,0.002537108724936843,,,0.48564350605010986,,
0.49319732189178467,0.002527752425521612,,,0.4856224060058594,,
0.4931347966194153,0.0025087904650717974,,,0.48556140065193176,,
0.4929191768169403,0.002505265409126878,,,0.4855033755302429,,
0.49280932545661926,0.0024973524268716574,,,0.4854768216609955,,
0.49264034628868103,0.002493897918611765,,,0.48536160588264465,,
0.4926255941390991,0.0024722092784941196,,,0.48527252674102783,,
0.4924278259277344,0.0024472461082041264,,,0.48519182205200195,,
0.4923285245895386,0.0024175397120416164,,,0.485074907541275,,
0.4922401010990143,0.0024159715976566076,,,0.4849231541156769,,
0.4921509921550751,0.0024146263021975756,,,0.484867125749588,,
0.4920389950275421,0.0024101268500089645,,,0.4847598671913147,,
0.49203458428382874,0.0024074031971395016,,,0.4847066104412079,,
0.4916364550590515,0.002405660692602396,,,0.48456335067749023,,
0.4915612041950226,0.002384955296292901,,,0.4842413067817688,,
0.4910511374473572,0.0023822146467864513,,,0.48404449224472046,,
0.4909835457801819,0.002373045077547431,,,0.4839727282524109,,
0.49078264832496643,0.0023641393054276705,,,0.4837974011898041,,
0.4907624125480652,0.0023632801603525877,,,0.4837758243083954,,
0.49064964056015015,0.00235465494915843,,,0.48341473937034607,,
0.4906182885169983,0.0023296703584492207,,,0.48323768377304077,,
0.4904729127883911,0.002310920739546418,,,0.4827897250652313,,
0.49012869596481323,0.002302174922078848,,,0.4827362596988678,,
0.4899826645851135,0.002296052873134613,,,0.48271510004997253,,
0.489925742149353,0.002268628915771842,,,0.4826308786869049,,
0.4898225963115692,0.0022348046768456697,,,0.4826276898384094,,
0.4897574484348297,0.002221521455794573,,,0.4825758635997772,,
0.48967665433883667,0.002214853884652257,,,0.48243656754493713,,
0.48961642384529114,0.0021930888760834932,,,0.4822385013103485,,
0.48948240280151367,0.00218788580968976,,,0.48208102583885193,,
0.48945844173431396,0.0021783963311463594,,,0.4816747009754181,,
0.4892452359199524,0.0021392551716417074,,,0.48156222701072693,,
0.4891369938850403,0.0020775829907506704,,,0.48150983452796936,,
0.48910295963287354,0.0020688471850007772,,,0.48145896196365356,,
0.4889064431190491,0.0020661831367760897,,,0.48141413927078247,,
0.4888838231563568,0.0020597411785274744,,,0.4812917709350586,,
0.48845604062080383,0.0020458095241338015,,,0.4811897277832031,,
0.4878506660461426,0.002043371321633458,,,0.48113447427749634,,
0.4875674545764923,0.0020017866045236588,,,0.4810941815376282,,
0.48747938871383667,0.0019958557095378637,,,0.48103585839271545,,
0.48739296197891235,0.0019904833752661943,,,0.48103201389312744,,
0.4872886538505554,0.0019518344197422266,,,0.4810310900211334,,
0.486754447221756,0.001937664463184774,,,0.4810260236263275,,
0.48672613501548767,0.0019299171399325132,,,0.48082005977630615,,
0.4866742491722107,0.0019264467991888523,,,0.480754554271698,,
0.4865107536315918,0.0019224643474444747,,,0.4807433485984802,,
0.4862610697746277,0.0019182264804840088,,,0.48069727420806885,,
0.4862024486064911,0.001916132285259664,,,0.4806934893131256,,
0.4861873686313629,0.0019087328109890223,,,0.4806102514266968,,
0.48617225885391235,0.001904471660964191,,,0.4806017279624939,,
0.48606863617897034,0.0019036995945498347,,,0.48054972290992737,,
0.4859273135662079,0.0019002128392457962,,,0.4804610311985016,,
0.48586738109588623,0.0018991989782080054,,,0.48029884696006775,,
0.48566967248916626,0.0018942224560305476,,,0.48025500774383545,,
0.48564350605010986,0.0018888813210651278,,,0.4802195429801941,,
0.4856224060058594,0.001887336722575128,,,0.480171263217926,,
0.48556140065193176,0.0018859556876122952,,,0.47964173555374146,,
0.4855033755302429,0.0018461672589182854,,,0.4795704185962677,,
0.4854768216609955,0.0018253452144563198,,,0.4793774485588074,,
0.48536160588264465,0.0018239710479974747,,,0.47929495573043823,,
0.48527252674102783,0.001823960803449154,,,0.4792547821998596,,
0.4851972162723541,0.0018142203334718943,,,0.47902053594589233,,
0.48519182205200195,0.0018140855245292187,,,0.47899359464645386,,
0.485074907541275,0.0018116608262062073,,,0.4788001775741577,,
0.4849231541156769,0.001809276407584548,,,0.4781847596168518,,
0.484867125749588,0.001808523084037006,,,0.4781094193458557,,
0.4847598671913147,0.0018085162155330181,,,0.4780410826206207,,
0.4847066104412079,0.0017951952759176493,,,0.47780388593673706,,
0.48456335067749023,0.001786779728718102,,,0.4775216281414032,,
0.4842413067817688,0.0017864123219624162,,,0.4773117005825043,,
0.48419204354286194,0.0017815076280385256,,,0.4772322177886963,,
0.48404449224472046,0.0017623468302190304,,,0.47721198201179504,,
0.4839727282524109,0.0017591026844456792,,,0.47705575823783875,,
0.4837974011898041,0.001758343307301402,,,0.47682905197143555,,
0.4837758243083954,0.0017572714714333415,,,0.476609468460083,,
0.48360586166381836,0.0017531749326735735,,,0.47642144560813904,,
0.48341473937034607,0.0017496127402409911,,,0.47638317942619324,,
0.48323768377304077,0.0017358186887577176,,,0.4761742949485779,,
0.4827897250652313,0.0017334716394543648,,,0.4761504828929901,,
0.4827362596988678,0.0017250444507226348,,,0.47613996267318726,,
0.48271510004997253,0.0017235521227121353,,,0.47608816623687744,,
0.4826308786869049,0.0017171571962535381,,,0.4760720729827881,,
0.4826276898384094,0.001709161326289177,,,0.4760441482067108,,
0.4825758635997772,0.0016960164066404104,,,0.4759056866168976,,
0.48243656754493713,0.0016951179131865501,,,0.47573769092559814,,
0.48232126235961914,0.001692284713499248,,,0.4754698574542999,,
0.4822385013103485,0.0016805544728413224,,,0.4754400849342346,,
0.48208102583885193,0.0016766517655923963,,,0.47503191232681274,,
0.4816747009754181,0.0016654758946970105,,,0.47493577003479004,,
0.48156222701072693,0.001658002845942974,,,0.47493115067481995,,
0.48150983452796936,0.0016578638460487127,,,0.4747414290904999,,
0.48145896196365356,0.0016560038784518838,,,0.47468793392181396,,
0.48141413927078247,0.001655456144362688,,,0.4746127128601074,,
0.4812917709350586,0.001647074124775827,,,0.4746113419532776,,
0.4811897277832031,0.001641255454160273,,,0.4741871654987335,,
0.48113447427749634,0.001641053706407547,,,0.47408604621887207,,
0.4810941815376282,0.0016212596092373133,,,0.47408056259155273,,
0.48103585839271545,0.00161221984308213,,,0.47403156757354736,,
0.48103201389312744,0.001601334661245346,,,0.47401881217956543,,
0.4810310900211334,0.0015830956399440765,,,0.47357040643692017,,
0.4810260236263275,0.0015780336689203978,,,0.4735372066497803,,
0.48082005977630615,0.0015726479468867183,,,0.4734291732311249,,
0.480754554271698,0.0015681746881455183,,,0.47331130504608154,,
0.4807433485984802,0.0015591111732646823,,,0.473216712474823,,
0.48069727420806885,0.001557968440465629,,,0.4729834794998169,,
0.4806934893131256,0.0015526252100244164,,,0.47296833992004395,,
0.4806102514266968,0.0015365412691608071,,,0.47279906272888184,,
0.4806017279624939,0.0015281373634934425,,,0.4725063145160675,,
0.48054972290992737,0.0015214071609079838,,,0.4723244309425354,,
0.4804610311985016,0.001519788522273302,,,0.4722169041633606,,
0.48029884696006775,0.0015177810564637184,,,0.4721406102180481,,
0.48025500774383545,0.00149243650957942,,,0.4720424711704254,,
0.4802195429801941,0.0014858326176181436,,,0.4717070162296295,,
0.480171263217926,0.0014758915640413761,,,0.47167637944221497,,
0.47964680194854736,0.0014645734336227179,,,0.4715840220451355,,
0.47964173555374146,0.0014553351793438196,,,0.4715364873409271,,
0.4795704185962677,0.0014526821905747056,,,0.47150254249572754,,
0.4793774485588074,0.0014474285999312997,,,0.47130998969078064,,
0.47929495573043823,0.0014341212809085846,,,0.47108370065689087,,
0.4792547821998596,0.0014331376878544688,,,0.4710041284561157,,
0.47902053594589233,0.0014177346602082253,,,0.4709407091140747,,
0.47899359464645386,0.0014167568879202008,,,0.47090986371040344,,
0.4788001775741577,0.0014149689814075828,,,0.47030550241470337,,
0.4781847596168518,0.0014069712487980723,,,0.4702317416667938,,
0.4781094193458557,0.0014065324794501066,,,0.4701400399208069,,
0.4780410826206207,0.001406285329721868,,,0.46999505162239075,,
0.47780388593673706,0.0014003776013851166,,,0.4698120355606079,,
0.4775216281414032,0.0013943020021542907,,,0.4695759415626526,,
0.4773117005825043,0.0013912313152104616,,,0.4695128798484802,,
0.4772322177886963,0.0013836377765983343,,,0.46943628787994385,,
0.47721198201179504,0.001368373865261674,,,0.469387948513031,,
0.47705575823783875,0.0013670672196894884,,,0.46924862265586853,,
0.47682905197143555,0.0013495427556335926,,,0.4691723585128784,,
0.476609468460083,0.0013481245841830969,,,0.46914204955101013,,
0.47642144560813904,0.0013367737410590053,,,0.46881401538848877,,
0.47638317942619324,0.0013349431101232767,,,0.46879488229751587,,
0.4761742949485779,0.0013336240081116557,,,0.4687535762786865,,
0.4761504828929901,0.0013227489544078708,,,0.46853107213974,,
0.47613996267318726,0.0013219714164733887,,,0.4685182273387909,,
0.47608816623687744,0.0013207271695137024,,,0.4683949053287506,,
0.4760720729827881,0.0013162983814254403,,,0.4682263731956482,,
0.4760441482067108,0.0013131533050909638,,,0.4681050181388855,,
0.4759056866168976,0.0013082242803648114,,,0.4680076837539673,,
0.47573769092559814,0.0013059081975370646,,,0.46795523166656494,,
0.4755522608757019,0.0013004166539758444,,,0.4678186774253845,,
0.4754698574542999,0.0012974821729585528,,,0.4678092300891876,,
0.4754400849342346,0.0012946110218763351,,,0.46747180819511414,,
0.47503191232681274,0.0012871510116383433,,,0.46735891699790955,,
0.47493577003479004,0.0012832198990508914,,,0.4673006236553192,,
0.47493115067481995,0.0012651544529944658,,,0.46718358993530273,,
0.4747414290904999,0.001263342099264264,,,0.46717995405197144,,
0.47468793392181396,0.0012609780533239245,,,0.46692878007888794,,
0.4746127128601074,0.0012568507809191942,,,0.46679073572158813,,
0.4746113419532776,0.0012547916267067194,,,0.4667014479637146,,
0.4741871654987335,0.0012536782305687666,,,0.46638765931129456,,
0.47408604621887207,0.001248160027898848,,,0.4662877023220062,,
0.47408056259155273,0.0012467725900933146,,,0.46603885293006897,,
0.47403156757354736,0.0012437989935278893,,,0.46589744091033936,,
0.47401881217956543,0.0012243965175002813,,,0.4656694233417511,,
0.47357040643692017,0.001224157982505858,,,0.465624064207077,,
0.4735372066497803,0.0012195457238703966,,,0.46536991000175476,,
0.4734291732311249,0.0012178653851151466,,,0.4651440382003784,,
0.47331130504608154,0.0012158070458099246,,,0.4651334285736084,,
0.473216712474823,0.0012095244601368904,,,0.4648756980895996,,
0.4729834794998169,0.0012071691453456879,,,0.4648478627204895,,
0.47296833992004395,0.0012056217528879642,,,0.4647968113422394,,
0.47279906272888184,0.001198901329189539,,,0.4647941291332245,,
0.4725063145160675,0.0011959370458498597,,,0.464603066444397,,
0.4723244309425354,0.0011921210680156946,,,0.46443378925323486,,
0.4722169041633606,0.001188827445730567,,,0.4643787443637848,,
0.4721406102180481,0.0011883247643709183,,,0.4643474519252777,,
0.4720424711704254,0.0011818344937637448,,,0.46426525712013245,,
0.4717070162296295,0.0011806456604972482,,,0.4642443060874939,,
0.47167637944221497,0.0011759815970435739,,,0.46408313512802124,,
0.4716264307498932,0.001175694982521236,,,0.4640708863735199,,
0.4715840220451355,0.0011696199653670192,,,0.46389341354370117,,
0.4715364873409271,0.0011628329521045089,,,0.4637552797794342,,
0.47150254249572754,0.0011582787847146392,,,0.463747501373291,,
0.47130998969078064,0.0011510414769873023,,,0.4635762870311737,,
0.47110629081726074,0.0011505442671477795,,,0.46352672576904297,,
0.47108370065689087,0.0011473976774141192,,,0.4634627401828766,,
0.4710041284561157,0.0011425745906308293,,,0.4632946252822876,,
0.4709407091140747,0.001141859800554812,,,0.46323540806770325,,
0.47090986371040344,0.0011310817208141088,,,0.4631105065345764,,
0.47030550241470337,0.0011254765558987856,,,0.4629940986633301,,
0.4702317416667938,0.0011228123912587762,,,0.46296995878219604,,
0.4701400399208069,0.0011188116623088717,,,0.4628736972808838,,
0.46999505162239075,0.0011185096809640527,,,0.46257466077804565,,
0.4698120355606079,0.0011066714068874717,,,0.4623654782772064,,
0.4695759415626526,0.00109761580824852,,,0.4623250961303711,,
0.4695688486099243,0.0010930356802418828,,,0.46220701932907104,,
0.4695128798484802,0.001092123449780047,,,0.46188920736312866,,
0.46943628787994385,0.0010810323292389512,,,0.46165433526039124,,
0.469387948513031,0.001080745947547257,,,0.46161091327667236,,
0.46924862265586853,0.0010792408138513565,,,0.4615606963634491,,
0.4691723585128784,0.0010775200789794326,,,0.4615258574485779,,
0.46914204955101013,0.0010702777653932571,,,0.46146631240844727,,
0.46881401538848877,0.0010613457998260856,,,0.46131518483161926,,
0.46879488229751587,0.0010607909644022584,,,0.4612906277179718,,
0.4687535762786865,0.0010600185487419367,,,0.46119365096092224,,
0.46853107213974,0.001055081025697291,,,0.4609333872795105,,
0.4685182273387909,0.0010548754362389445,,,0.46042299270629883,,
0.4683949053287506,0.001049360609613359,,,0.4602358341217041,,
0.4682263731956482,0.0010482650250196457,,,0.460213303565979,,
0.4681050181388855,0.0010480198543518782,,,0.4595271944999695,,
0.4680076837539673,0.001045566750690341,,,0.4593294560909271,,
0.46795523166656494,0.0010380831081420183,,,0.4593287408351898,,
0.4678186774253845,0.0010377686703577638,,,0.45924702286720276,,
0.4678092300891876,0.0010313964448869228,,,0.4591282308101654,,
0.46747180819511414,0.0010292321676388383,,,0.45910078287124634,,
0.46735891699790955,0.0010264517040923238,,,0.4590584933757782,,
0.4673006236553192,0.0010257569374516606,,,0.4589734971523285,,
0.46721866726875305,0.0010248448234051466,,,0.4589705169200897,,
0.46718358993530273,0.0010240278206765652,,,0.45886820554733276,,
0.46717995405197144,0.0010189266176894307,,,0.45866259932518005,,
0.46692878007888794,0.0010175547795370221,,,0.4586441218852997,,
0.46679073572158813,0.0010057976469397545,,,0.45863625407218933,,
0.4667014479637146,0.001002118457108736,,,0.45851120352745056,,
0.46638765931129456,0.0009931811364367604,,,0.458359956741333,,
0.4662877023220062,0.000989336520433426,,,0.4581018090248108,,
0.46603885293006897,0.0009842545259743929,,,0.4579373300075531,,
0.46589744091033936,0.0009726848220452666,,,0.45792391896247864,,
0.4656694233417511,0.0009725327836349607,,,0.45788270235061646,,
0.465624064207077,0.0009699893998913467,,,0.45786014199256897,,
0.46536991000175476,0.0009688400314189494,,,0.4573882520198822,,
0.4651440382003784,0.0009648182895034552,,,0.4571678042411804,,
0.4651334285736084,0.0009647506522014737,,,0.45699626207351685,,
0.4648756980895996,0.0009633232839405537,,,0.4567844271659851,,
0.4648478627204895,0.0009606067906133831,,,0.45674484968185425,,
0.4647968113422394,0.0009478565189056098,,,0.45666801929473877,,
0.4647941291332245,0.0009381750714965165,,,0.45656853914260864,,
0.464603066444397,0.000937377568334341,,,0.45601850748062134,,
0.46443378925323486,0.0009358556126244366,,,0.4559576213359833,,
0.4643787443637848,0.0009315787465311587,,,0.45567941665649414,,
0.4643474519252777,0.0009312818874605,,,0.455523282289505,,
0.46426525712013245,0.00093067780835554,,,0.45547977089881897,,
0.4642443060874939,0.0009274936164729297,,,0.4553033113479614,,
0.46408313512802124,0.0009231881122104824,,,0.4552927017211914,,
0.4640708863735199,0.0009184263763017952,,,0.4552158713340759,,
0.46389341354370117,0.0009176540188491344,,,0.45492735505104065,,
0.4637552797794342,0.0009160910849459469,,,0.4547208249568939,,
0.463747501373291,0.000907109584659338,,,0.45406535267829895,,
0.4635762870311737,0.0009060100419446826,,,0.45380139350891113,,
0.46352672576904297,0.0009021032019518316,,,0.4537159502506256,,
0.4634627401828766,0.0009012371301651001,,,0.4535249173641205,,
0.4632946252822876,0.0009009989444166422,,,0.45345285534858704,,
0.46323540806770325,0.000900132639799267,,,0.45316120982170105,,
0.4631105065345764,0.0008979663834907115,,,0.45291420817375183,,
0.4629940986633301,0.0008870050660334527,,,0.4527948796749115,,
0.46296995878219604,0.0008859609952196479,,,0.4524120092391968,,
0.4628736972808838,0.0008852003957144916,,,0.45235782861709595,,
0.46257466077804565,0.0008844187250360847,,,0.452191561460495,,
0.4623654782772064,0.0008821678347885609,,,0.4518964886665344,,
0.4623250961303711,0.0008735982119105756,,,0.45136263966560364,,
0.46220701932907104,0.0008683816995471716,,,0.4511602520942688,,
0.46188920736312866,0.000868095550686121,,,0.45101064443588257,,
0.46165433526039124,0.0008636633865535259,,,0.4509826898574829,,
0.46161091327667236,0.0008551294449716806,,,0.4504443109035492,,
0.4615606963634491,0.0008537544053979218,,,0.45032134652137756,,
0.4615258574485779,0.000853514822665602,,,0.4501367211341858,,
0.46146631240844727,0.0008526750607416034,,,0.4496866464614868,,
0.46131518483161926,0.0008415502961724997,,,0.44963300228118896,,
0.4612906277179718,0.0008344586240127683,,,0.4492621123790741,,
0.46119365096092224,0.0008297386229969561,,,0.4491645097732544,,
0.4609333872795105,0.0008262544288299978,,,0.44894373416900635,,
0.46042299270629883,0.0008260068134404719,,,0.4489302635192871,,
0.4602358341217041,0.0008210266241803765,,,0.4488023519515991,,
0.460213303565979,0.0008179764845408499,,,0.4484553337097168,,
0.4595271944999695,0.0008117494289763272,,,0.44842734932899475,,
0.4593294560909271,0.0008111490751616657,,,0.4483490288257599,,
0.4593287408351898,0.0008100831764750183,,,0.4483405649662018,,
0.45924702286720276,0.0008089006878435612,,,0.44816866517066956,,
0.4591282308101654,0.0008072559139691293,,,0.4479192793369293,,
0.45910078287124634,0.0008053677156567574,,,0.4475826025009155,,
0.4590584933757782,0.0008051692857407033,,,0.4471248388290405,,
0.4589734971523285,0.0008008269942365587,,,0.44694918394088745,,
0.4589705169200897,0.0007962885429151356,,,0.4466879367828369,,
0.45886820554733276,0.000795261119492352,,,0.4466470777988434,,
0.45866259932518005,0.0007940827636048198,,,0.44661369919776917,,
0.4586441218852997,0.0007935775793157518,,,0.44653379917144775,,
0.45863625407218933,0.0007890501292422414,,,0.44630730152130127,,
0.45851120352745056,0.0007876513409428298,,,0.4461064338684082,,
0.458359956741333,0.0007842548657208681,,,0.44608187675476074,,
0.4581018090248108,0.0007783099426887929,,,0.44600334763526917,,
0.4579373300075531,0.0007775367703288794,,,0.4458492398262024,,
0.45792391896247864,0.0007769147050566971,,,0.4455128014087677,,
0.45788270235061646,0.0007763108005747199,,,0.44540587067604065,,
0.45786014199256897,0.0007741255685687065,,,0.4453493654727936,,
0.4573882520198822,0.0007731193327344954,,,0.44526514410972595,,
0.4571678042411804,0.00077269651228562,,,0.44515520334243774,,
0.45699626207351685,0.0007636651280336082,,,0.4449419379234314,,
0.4567844271659851,0.0007625710568390787,,,0.4448128044605255,,
0.45674484968185425,0.0007623269339092076,,,0.44477933645248413,,
0.45666801929473877,0.0007614665082655847,,,0.4446953237056732,,
0.45656853914260864,0.0007592486799694598,,,0.44453105330467224,,
0.45601850748062134,0.0007558772340416908,,,0.44422805309295654,,
0.4559576213359833,0.0007547630229964852,,,0.4441445469856262,,
0.45567941665649414,0.0007542712264694273,,,0.44402024149894714,,
0.455523282289505,0.0007539956131950021,,,0.4439450204372406,,
0.45547977089881897,0.0007522960659116507,,,0.4436623752117157,,
0.4553033113479614,0.000750814622733742,,,0.4434773027896881,,
0.4552927017211914,0.0007506622350774705,,,0.4430881142616272,,
0.4552158713340759,0.0007459607440978289,,,0.4429689049720764,,
0.45492735505104065,0.000738820293918252,,,0.4427981674671173,,
0.4547208249568939,0.0007323689642362297,,,0.4427195191383362,,
0.45406535267829895,0.000732231477741152,,,0.44249510765075684,,
0.45380139350891113,0.0007285869214683771,,,0.44226983189582825,,
0.4537159502506256,0.0007283844752237201,,,0.4421352446079254,,
0.4535249173641205,0.0007282370934262872,,,0.44204047322273254,,
0.45345285534858704,0.000727131322491914,,,0.4417661726474762,,
0.45316120982170105,0.0007266842294484377,,,0.4417341947555542,,
0.45291420817375183,0.0007209644536487758,,,0.44122666120529175,,
0.4527948796749115,0.0007197267259471118,,,0.4409375488758087,,
0.4524120092391968,0.0007110646110959351,,,0.4409370720386505,,
0.45235782861709595,0.0007084276876412332,,,0.44087740778923035,,
0.452191561460495,0.0007083035307005048,,,0.44063860177993774,,
0.4518964886665344,0.0007057727198116481,,,0.4406001567840576,,
0.45136263966560364,0.0007056540343910456,,,0.4403298497200012,,
0.4511602520942688,0.000703637080732733,,,0.44020065665245056,,
0.45101064443588257,0.000700079370290041,,,0.44019484519958496,,
0.4509826898574829,0.0006981352344155312,,,0.43949785828590393,,
0.4504443109035492,0.0006976635777391493,,,0.4393249750137329,,
0.45032134652137756,0.0006963487830944359,,,0.4389597177505493,,
0.4501367211341858,0.0006904855254106224,,,0.4389411509037018,,
0.4496866464614868,0.0006881140870973468,,,0.438514769077301,,
0.44963300228118896,0.000687276478856802,,,0.4384230077266693,,
0.4492621123790741,0.0006798129761591554,,,0.4383016526699066,,
0.4491645097732544,0.0006772739579901099,,,0.43821457028388977,,
0.44894373416900635,0.0006764923455193639,,,0.4380069971084595,,
0.4489302635192871,0.000676277035381645,,,0.4379618465900421,,
0.4488023519515991,0.0006702335667796433,,,0.4378921389579773,,
0.4484553337097168,0.000665305822622031,,,0.4375949203968048,,
0.44842734932899475,0.0006607719114981592,,,0.437557578086853,,
0.4483490288257599,0.0006587115931324661,,,0.4375467002391815,,
0.4483405649662018,0.0006568193784914911,,,0.43733179569244385,,
0.44816866517066956,0.0006561360787600279,,,0.4371040165424347,,
0.4479192793369293,0.0006559782777912915,,,0.4370590150356293,,
0.4475826025009155,0.0006548207020387053,,,0.43694737553596497,,
0.4471248388290405,0.0006496651330962777,,,0.4362735450267792,,
0.44694918394088745,0.0006465001497417688,,,0.43615812063217163,,
0.4466879367828369,0.0006440163124352694,,,0.4360205829143524,,
0.4466470777988434,0.0006410658825188875,,,0.43586423993110657,,
0.44661369919776917,0.0006342680426314473,,,0.43580734729766846,,
0.44653379917144775,0.0006295922794379294,,,0.43571165204048157,,
0.44630730152130127,0.0006255836342461407,,,0.43549978733062744,,
0.4461064338684082,0.0006219956558197737,,,0.43538007140159607,,
0.44608187675476074,0.0006215444300323725,,,0.4353395402431488,,
0.44600334763526917,0.0006179151823744178,,,0.4349913001060486,,
0.4458492398262024,0.000606967369094491,,,0.4343535900115967,,
0.4455128014087677,0.0006052447715774179,,,0.434345543384552,,
0.44540587067604065,0.0006030704244039953,,,0.43429240584373474,,
0.4453493654727936,0.0006025457987561822,,,0.4342920780181885,,
0.44526514410972595,0.0005999213899485767,,,0.43423742055892944,,
0.44515520334243774,0.0005993263912387192,,,0.43421703577041626,,
0.4449419379234314,0.0005989777855575085,,,0.4341960847377777,,
0.4448128044605255,0.0005989102064631879,,,0.43415531516075134,,
0.44477933645248413,0.0005984060699120164,,,0.4340430200099945,,
0.4446953237056732,0.0005980098503641784,,,0.43403270840644836,,
0.44453105330467224,0.0005977855762466788,,,0.43349096179008484,,
0.44422805309295654,0.0005954205989837646,,,0.43345627188682556,,
0.4441445469856262,0.0005936501547694206,,,0.4332481622695923,,
0.44402024149894714,0.0005934691289439797,,,0.4331503212451935,,
0.4439450204372406,0.0005933277425356209,,,0.43308261036872864,,
0.4436623752117157,0.0005839901859872043,,,0.43297722935676575,,
0.4434773027896881,0.0005830578156746924,,,0.4329703748226166,,
0.4430881142616272,0.0005818975623697042,,,0.4327445328235626,,
0.4429689049720764,0.000578438164666295,,,0.4324129521846771,,
0.4427981674671173,0.0005756272585131228,,,0.4323202073574066,,
0.4427195191383362,0.0005755624151788652,,,0.4323069751262665,,
0.44249510765075684,0.0005734127480536699,,,0.43230298161506653,,
0.44226983189582825,0.0005698647000826895,,,0.4321914613246918,,
0.4421352446079254,0.0005590330110862851,,,0.43213194608688354,,
0.44204047322273254,0.0005565300234593451,,,0.43202441930770874,,
0.4417661726474762,0.000555269478354603,,,0.43130528926849365,,
0.4417341947555542,0.0005539933335967362,,,0.4313000440597534,,
0.44122666120529175,0.0005528950714506209,,,0.43125253915786743,,
0.4409375488758087,0.0005524773150682449,,,0.431033730506897,,
0.4409370720386505,0.0005504116998054087,,,0.4306887984275818,,
0.44087740778923035,0.0005441730609163642,,,0.4305384159088135,,
0.44063860177993774,0.0005415406776592135,,,0.4305357038974762,,
0.4406001567840576,0.00053981295786798,,,0.43050792813301086,,
0.4403298497200012,0.0005392406019382179,,,0.43014001846313477,,
0.44020065665245056,0.0005354673485271633,,,0.4300647974014282,,
0.44019484519958496,0.0005309213302098215,,,0.43000441789627075,,
0.43949785828590393,0.0005278501193970442,,,0.42996490001678467,,
0.4393249750137329,0.0005272200796753168,,,0.42994558811187744,,
0.4389597177505493,0.0005238809972070158,,,0.42968806624412537,,
0.4389411509037018,0.0005233003757894039,,,0.4295476973056793,,
0.438514769077301,0.0005212538526393473,,,0.42940056324005127,,
0.4384230077266693,0.000518876884598285,,,0.4290178716182709,,
0.4383016526699066,0.0005183460307307541,,,0.42890000343322754,,
0.43821457028388977,0.0005157248815521598,,,0.42876961827278137,,
0.4380069971084595,0.000508583732880652,,,0.4278200566768646,,
0.4379618465900421,0.0005046220612712204,,,0.4273684024810791,,
0.4378921389579773,0.000503665825817734,,,0.4273049831390381,,
0.4375949203968048,0.0005016530049033463,,,0.4271601140499115,,
0.437557578086853,0.0004992347094230354,,,0.4271319806575775,,
0.4375467002391815,0.0004978812648914754,,,0.4271279573440552,,
0.43733179569244385,0.000495455227792263,,,0.42666319012641907,,
0.4371040165424347,0.0004940446233376861,,,0.4266594350337982,,
0.4370590150356293,0.0004939266946166754,,,0.4265163242816925,,
0.43694737553596497,0.0004934481112286448,,,0.42629310488700867,,
0.4362735450267792,0.0004912042059004307,,,0.4258558452129364,,
0.43615812063217163,0.0004908929695375264,,,0.4253137409687042,,
0.4360205829143524,0.000490341626573354,,,0.42517924308776855,,
0.43586423993110657,0.0004894878948107362,,,0.4245324432849884,,
0.43580734729766846,0.0004894091398455203,,,0.4240979850292206,,
0.43571165204048157,0.0004854620492551476,,,0.4240737855434418,,
0.43549978733062744,0.0004840483597945422,,,0.423867404460907,,
0.43538007140159607,0.00048260242328979075,,,0.42375096678733826,,
0.4353395402431488,0.0004807593650184572,,,0.42372754216194153,,
0.4349913001060486,0.0004779467999469489,,,0.4236965477466583,,
0.4348762035369873,0.0004778274451382458,,,0.42362189292907715,,
0.4343535900115967,0.00047680141869932413,,,0.42356353998184204,,
0.434345543384552,0.0004722175362985581,,,0.4233877956867218,,
0.43429240584373474,0.0004719340067822486,,,0.42296403646469116,,
0.4342920780181885,0.00046828051563352346,,,0.42277202010154724,,
0.43423742055892944,0.00046632124576717615,,,0.42254894971847534,,
0.43421703577041626,0.00046587182441726327,,,0.4224875867366791,,
0.4341960847377777,0.0004636427911464125,,,0.4224841594696045,,
0.43415531516075134,0.0004627550661098212,,,0.42217162251472473,,
0.4340430200099945,0.0004623284621629864,,,0.4221562445163727,,
0.43403270840644836,0.0004605209396686405,,,0.4219109117984772,,
0.43349096179008484,0.0004597376100718975,,,0.4218919277191162,,
0.43345627188682556,0.0004562989925034344,,,0.4218483865261078,,
0.4332481622695923,0.0004541340749710798,,,0.42152202129364014,,
0.4331503212451935,0.0004522527160588652,,,0.4214499294757843,,
0.43308261036872864,0.0004520708171185106,,,0.42130082845687866,,
0.43297722935676575,0.00045014364877715707,,,0.42079535126686096,,
0.4329703748226166,0.0004465802339836955,,,0.42071259021759033,,
0.4327445328235626,0.0004458752227947116,,,0.420627236366272,,
0.4324129521846771,0.000440687348600477,,,0.42036932706832886,,
0.4323202073574066,0.00043920837924815714,,,0.4201808273792267,,
0.4323069751262665,0.0004377137520350516,,,0.4201233685016632,,
0.43230298161506653,0.00043579170596785843,,,0.42005106806755066,,
0.4321914613246918,0.00043517566518858075,,,0.4199416935443878,,
0.43213194608688354,0.00043150497367605567,,,0.41993364691734314,,
0.43202441930770874,0.0004311144002713263,,,0.4198799729347229,,
0.43130528926849365,0.0004310999938752502,,,0.41982147097587585,,
0.4313000440597534,0.00043047743383795023,,,0.4196926951408386,,
0.43125253915786743,0.00042850690078921616,,,0.419681191444397,,
0.431033730506897,0.00042823332478292286,,,0.4195919632911682,,
0.4306887984275818,0.0004279040440451354,,,0.41957464814186096,,
0.4305384159088135,0.0004251594946254045,,,0.4194973111152649,,
0.4305357038974762,0.00042429001769050956,,,0.4193797707557678,,
0.43050792813301086,0.00041917370981536806,,,0.419238805770874,,
0.43014001846313477,0.0004149285377934575,,,0.41908887028694153,,
0.4300647974014282,0.00041344889905303717,,,0.4190649688243866,,
0.43000441789627075,0.0004108576977159828,,,0.4188956916332245,,
0.42996490001678467,0.0004108187567908317,,,0.4188205301761627,,
0.42994558811187744,0.0004030281270388514,,,0.41878053545951843,,
0.42968806624412537,0.00040051163523457944,,,0.41875922679901123,,
0.4295476973056793,0.0003976268053520471,,,0.418637752532959,,
0.42940056324005127,0.0003933968546334654,,,0.418315589427948,,
0.4290178716182709,0.0003932894323952496,,,0.41817978024482727,,
0.42890000343322754,0.00039286413812078536,,,0.41809841990470886,,
0.42876961827278137,0.000390270579373464,,,0.4180135726928711,,
0.4278200566768646,0.00038921277155168355,,,0.4178886115550995,,
0.4273684024810791,0.00038902470259927213,,,0.4174485504627228,,
0.4273049831390381,0.0003888371284119785,,,0.41735216975212097,,
0.4271601140499115,0.0003888077917508781,,,0.41711270809173584,,
0.4271319806575775,0.0003849876520689577,,,0.4168296754360199,,
0.4271279573440552,0.00038261403096839786,,,0.4164043664932251,,
0.42666319012641907,0.0003823605948127806,,,0.4163167476654053,,
0.4266594350337982,0.0003820093988906592,,,0.41564860939979553,,
0.4265163242816925,0.00037786405300721526,,,0.415633887052536,,
0.42629310488700867,0.0003771126503124833,,,0.4154728949069977,,
0.4258558452129364,0.0003757794911507517,,,0.41541051864624023,,
0.4253137409687042,0.00037473399424925447,,,0.41526129841804504,,
0.42517924308776855,0.000372557231457904,,,0.41522228717803955,,
0.4245324432849884,0.0003683098475448787,,,0.41520410776138306,,
0.4240979850292206,0.00036773798638023436,,,0.4149948060512543,,
0.4240737855434418,0.00036591317621059716,,,0.4149778485298157,,
0.423867404460907,0.00036087719490751624,,,0.41490283608436584,,
0.42375096678733826,0.0003605444508139044,,,0.4148833751678467,,
0.42372754216194153,0.0003591789281927049,,,0.41467544436454773,,
0.4236965477466583,0.0003571517299860716,,,0.4145408570766449,,
0.42362189292907715,0.00035622750874608755,,,0.4144670069217682,,
0.42356353998184204,0.0003557981108315289,,,0.41441652178764343,,
0.4233877956867218,0.0003535961441230029,,,0.4143511950969696,,
0.42296403646469116,0.0003535691648721695,,,0.41411179304122925,,
0.4228660464286804,0.000351778173353523,,,0.41408446431159973,,
0.42277202010154724,0.00035032600862905383,,,0.4139065444469452,,
0.42254894971847534,0.000348824163665995,,,0.4138542413711548,,
0.4224875867366791,0.00034783073351718485,,,0.41363826394081116,,
0.4224841594696045,0.00033960063592530787,,,0.4131183922290802,,
0.42217162251472473,0.000338332582032308,,,0.4131056070327759,,
0.4221562445163727,0.00033822646946646273,,,0.41292065382003784,,
0.4219109117984772,0.0003380805719643831,,,0.41291677951812744,,
0.4218919277191162,0.0003376785898581147,,,0.41278746724128723,,
0.4218483865261078,0.0003372645587660372,,,0.41234683990478516,,
0.42152202129364014,0.0003361187409609556,,,0.4121645390987396,,
0.4214499294757843,0.0003310462343506515,,,0.41181936860084534,,
0.42130082845687866,0.00033081244328059256,,,0.4117189347743988,,
0.42079535126686096,0.0003243523242417723,,,0.41138067841529846,,
0.42071259021759033,0.0003242800012230873,,,0.4112783968448639,,
0.42071133852005005,0.00032106655999086797,,,0.4111843705177307,,
0.420627236366272,0.0003209989226888865,,,0.41117438673973083,,
0.42036932706832886,0.0003208245325367898,,,0.41095370054244995,,
0.4201808273792267,0.00032045799889601767,,,0.41089996695518494,,
0.4201233685016632,0.0003167305840179324,,,0.410889208316803,,
0.42005106806755066,0.0003145656664855778,,,0.4106041193008423,,
0.4199416935443878,0.00031398411374539137,,,0.41017574071884155,,
0.41993364691734314,0.0003127111995127052,,,0.41006264090538025,,
0.4198799729347229,0.0003127028758171946,,,0.40961283445358276,,
0.41982147097587585,0.000312026561005041,,,0.40918630361557007,,
0.4196926951408386,0.00031015241984277964,,,0.4089996814727783,,
0.419681191444397,0.0003087333752773702,,,0.4087364077568054,,
0.4195919632911682,0.00030872103525325656,,,0.4086972177028656,,
0.41957464814186096,0.00030680972849950194,,,0.40856775641441345,,
0.4194973111152649,0.00030099201831035316,,,0.40831607580184937,,
0.4193797707557678,0.00029923749389126897,,,0.40824398398399353,,
0.419238805770874,0.0002988902560900897,,,0.40802332758903503,,
0.41908887028694153,0.00029741632170043886,,,0.40791016817092896,,
0.4190649688243866,0.0002966817410197109,,,0.4075143039226532,,
0.4188956916332245,0.0002955353120341897,,,0.40745511651039124,,
0.4188205301761627,0.00029464458930306137,,,0.4071815311908722,,
0.41878053545951843,0.00029449741123244166,,,0.4071408808231354,,
0.41875922679901123,0.00029295808053575456,,,0.4067992568016052,,
0.418637752532959,0.00029195231036283076,,,0.4066208600997925,,
0.418315589427948,0.0002919078106060624,,,0.40657830238342285,,
0.41817978024482727,0.0002856799401342869,,,0.40643927454948425,,
0.41809841990470886,0.0002851811586879194,,,0.4063929319381714,,
0.4180135726928711,0.0002843685506377369,,,0.40630197525024414,,
0.4178886115550995,0.0002838408690877259,,,0.4059385657310486,,
0.4174485504627228,0.00028118136106058955,,,0.4054678976535797,,
0.41735216975212097,0.0002804290852509439,,,0.40546715259552,,
0.41711270809173584,0.00027965957997366786,,,0.4053552448749542,,
0.4168296754360199,0.00027856798260472715,,,0.40532922744750977,,
0.4164043664932251,0.0002782112860586494,,,0.4051588773727417,,
0.4163167476654053,0.00027505349135026336,,,0.40503108501434326,,
0.41564860939979553,0.0002744607045315206,,,0.4048560559749603,,
0.415633887052536,0.00027440418489277363,,,0.40447792410850525,,
0.4154728949069977,0.000274269754299894,,,0.40387484431266785,,
0.41541051864624023,0.0002729268744587898,,,0.4038664400577545,,
0.41526129841804504,0.0002720194752328098,,,0.4038221836090088,,
0.41522228717803955,0.00026454037288203835,,,0.40371447801589966,,
0.41520410776138306,0.00026266873464919627,,,0.4035048484802246,,
0.4149948060512543,0.0002616998099256307,,,0.4030003845691681,,
0.4149778485298157,0.00025771878426894546,,,0.4029083847999573,,
0.41490283608436584,0.0002577069972176105,,,0.4027179479598999,,
0.4148833751678467,0.0002568998606875539,,,0.40265434980392456,,
0.41467544436454773,0.0002558839332778007,,,0.40242239832878113,,
0.4145408570766449,0.0002554909442551434,,,0.4023245573043823,,
0.4144670069217682,0.0002553458034526557,,,0.40208280086517334,,
0.41441652178764343,0.00025515450397506356,,,0.4020695090293884,,
0.4143511950969696,0.0002545194001868367,,,0.40182992815971375,,
0.41411179304122925,0.0002518472319934517,,,0.4015727937221527,,
0.41408446431159973,0.0002514903899282217,,,0.4013592600822449,,
0.4139065444469452,0.00024944316828623414,,,0.4012805223464966,,
0.4138542413711548,0.0002491180202923715,,,0.4010108411312103,,
0.41363826394081116,0.0002473175118211657,,,0.40096303820610046,,
0.4131183922290802,0.0002461722760926932,,,0.4006365239620209,,
0.4131056070327759,0.00024195168225560337,,,0.4001341164112091,,
0.41292065382003784,0.00024086599296424538,,,0.4001186788082123,,
0.41291677951812744,0.00024048986961133778,,,0.40011167526245117,,
0.41278746724128723,0.00023866340052336454,,,0.4001061022281647,,
0.41234683990478516,0.0002385028055869043,,,0.40003907680511475,,
0.4121645390987396,0.00023747535306029022,,,0.39958131313323975,,
0.41181936860084534,0.00023485640122089535,,,0.39930933713912964,,
0.4117189347743988,0.00023265865456778556,,,0.39891400933265686,,
0.41138067841529846,0.00023041664098855108,,,0.3987407088279724,,
0.4112783968448639,0.00022908039682079107,,,0.3983951210975647,,
0.4111843705177307,0.00022875911963637918,,,0.3981841504573822,,
0.41117438673973083,0.00022652634652331471,,,0.39736276865005493,,
0.41095370054244995,0.0002240708563476801,,,0.3972666561603546,,
0.41089996695518494,0.0002223567571491003,,,0.3969663977622986,,
0.410889208316803,0.000222193164518103,,,0.39629045128822327,,
0.4106041193008423,0.00021714901959057897,,,0.39613449573516846,,
0.41017574071884155,0.0002166437916457653,,,0.39593932032585144,,
0.41006264090538025,0.00021603752975352108,,,0.39561495184898376,,
0.40961283445358276,0.00021401727281045169,,,0.3954596221446991,,
0.40918630361557007,0.0002133394591510296,,,0.39536312222480774,,
0.4089996814727783,0.0002133093512384221,,,0.3953034579753876,,
0.4087364077568054,0.00020956294611096382,,,0.3951907455921173,,
0.4086972177028656,0.00020857319759670645,,,0.39509958028793335,,
0.40856775641441345,0.00020841415971517563,,,0.3947668969631195,,
0.40831607580184937,0.0002069679758278653,,,0.39466333389282227,,
0.40824398398399353,0.00020675397536251694,,,0.39430007338523865,,
0.40802332758903503,0.00020589622727129608,,,0.39421042799949646,,
0.40791016817092896,0.00020482185936998576,,,0.3937276601791382,,
0.4075143039226532,0.00020372940343804657,,,0.39326396584510803,,
0.40745511651039124,0.0002024938294198364,,,0.3932317793369293,,
0.4071815311908722,0.00020241740276105702,,,0.392828106880188,,
0.4071408808231354,0.00020173299708403647,,,0.3927901089191437,,
0.4067992568016052,0.00020076340297237039,,,0.3927479386329651,,
0.4066208600997925,0.00020031729945912957,,,0.3927406668663025,,
0.40657830238342285,0.00019459202303551137,,,0.392623633146286,,
0.40643927454948425,0.00019318904378451407,,,0.3926195204257965,,
0.4063929319381714,0.00018564937636256218,,,0.39257848262786865,,
0.40630197525024414,0.00018365371215622872,,,0.3925509452819824,,
0.4059385657310486,0.0001836026058299467,,,0.39220449328422546,,
0.4054678976535797,0.00018357056251261383,,,0.3916073143482208,,
0.40546715259552,0.00018240869394503534,,,0.39117738604545593,,
0.4053552448749542,0.0001820064935600385,,,0.3909345865249634,,
0.40532922744750977,0.00018099269072990865,,,0.3902464807033539,,
0.4051588773727417,0.00017946069419849664,,,0.3900161683559418,,
0.40503108501434326,0.00017924609710462391,,,0.3894428014755249,,
0.4048560559749603,0.0001791521062841639,,,0.3890877664089203,,
0.40447792410850525,0.00017738078895490617,,,0.38891318440437317,,
0.40387484431266785,0.00017435253539588302,,,0.38860753178596497,,
0.4038664400577545,0.00017270553507842124,,,0.38849958777427673,,
0.4038221836090088,0.0001725909678498283,,,0.3883656859397888,,
0.40371447801589966,0.00017214591207448393,,,0.38826796412467957,,
0.4035048484802246,0.00017050346650648862,,,0.38821476697921753,,
0.4030003845691681,0.0001699195127002895,,,0.3880118727684021,,
0.4029083847999573,0.00016916444292292,,,0.38793087005615234,,
0.4027179479598999,0.00016911911370698363,,,0.3876572549343109,,
0.40265434980392456,0.00016889783728402108,,,0.3875194191932678,,
0.40242239832878113,0.00016671857156325132,,,0.38722583651542664,,
0.4023245573043823,0.0001649301266297698,,,0.38718095421791077,,
0.40208280086517334,0.00016397751460317522,,,0.3871179223060608,,
0.4020695090293884,0.00016262984718196094,,,0.3865295350551605,,
0.40182992815971375,0.0001611932966625318,,,0.3856535851955414,,
0.4015727937221527,0.0001608688326086849,,,0.38550373911857605,,
0.4013592600822449,0.00016059726476669312,,,0.3850722908973694,,
0.4012805223464966,0.00016019913891796023,,,0.3846839666366577,,
0.4010108411312103,0.000158361901412718,,,0.3845413029193878,,
0.40096303820610046,0.00015834016085136682,,,0.38452449440956116,,
0.4006365239620209,0.00015599156904499978,,,0.384503036737442,,
0.4001341164112091,0.0001551822933834046,,,0.38395142555236816,,
0.4001186788082123,0.0001540894154459238,,,0.3835441470146179,,
0.40011167526245117,0.0001531135058030486,,,0.3835022747516632,,
0.4001061022281647,0.00015308141882997006,,,0.3832249343395233,,
0.40003907680511475,0.00015294834156520665,,,0.383109450340271,,
0.39958131313323975,0.00015203317161649466,,,0.38244810700416565,,
0.39930933713912964,0.00015086632629390806,,,0.3823292553424835,,
0.39891400933265686,0.00014789414126425982,,,0.3810598850250244,,
0.3987407088279724,0.00014789077977184206,,,0.3810341954231262,,
0.3983951210975647,0.0001469067792640999,,,0.3810180425643921,,
0.39830178022384644,0.00014632311649620533,,,0.38093990087509155,,
0.3981841504573822,0.0001449704432161525,,,0.380868524312973,,
0.39736276865005493,0.00014355317398440093,,,0.3807935118675232,,
0.3972666561603546,0.00014324388757813722,,,0.37921181321144104,,
0.3969663977622986,0.00014253673725761473,,,0.37911003828048706,,
0.39629045128822327,0.00014216889394447207,,,0.3787301182746887,,
0.39613449573516846,0.00014148297486826777,,,0.3787008821964264,,
0.39593932032585144,0.00014079714310355484,,,0.37861061096191406,,
0.39561495184898376,0.00014002808893565089,,,0.378143846988678,,
0.3954596221446991,0.00013986982230562717,,,0.3779663145542145,,
0.39536312222480774,0.00013829878298565745,,,0.3779613971710205,,
0.3953034579753876,0.00013671514170709997,,,0.3771933317184448,,
0.3951907455921173,0.0001366051728837192,,,0.3767033517360687,,
0.39509958028793335,0.00013628251326736063,,,0.37663882970809937,,
0.3947668969631195,0.00013597382348962128,,,0.3762011229991913,,
0.39466333389282227,0.00013592471077572554,,,0.37604644894599915,,
0.39430007338523865,0.000131031425553374,,,0.37601491808891296,,
0.39421042799949646,0.00013090729771647602,,,0.37591326236724854,,
0.3937276601791382,0.0001298437564400956,,,0.3758392930030823,,
0.39326396584510803,0.00012921112647745758,,,0.375751793384552,,
0.3932317793369293,0.00012887176126241684,,,0.37572747468948364,,
0.392828106880188,0.00012790753680747002,,,0.3753076493740082,,
0.3927901089191437,0.00012765993596985936,,,0.37443238496780396,,
0.3927479386329651,0.00012756162323057652,,,0.37399372458457947,,
0.3927406668663025,0.00012731578317470849,,,0.3735167384147644,,
0.392623633146286,0.00012661587970796973,,,0.37351638078689575,,
0.3926195204257965,0.00012650593998841941,,,0.3732842206954956,,
0.39257848262786865,0.00012483858154155314,,,0.37323853373527527,,
0.3925509452819824,0.0001242120924871415,,,0.3731848895549774,,
0.39220449328422546,0.00012407134636305273,,,0.37313395738601685,,
0.3916073143482208,0.00012355728540569544,,,0.3729799687862396,,
0.39117738604545593,0.00012311074533499777,,,0.37253430485725403,,
0.3909345865249634,0.00012178864562883973,,,0.37221571803092957,,
0.3902464807033539,0.00012009019701508805,,,0.3720704913139343,,
0.3900161683559418,0.0001187598827527836,,,0.3715400993824005,,
0.3894428014755249,0.00011761587666114792,,,0.3712158203125,,
0.3890877664089203,0.00011660648306133226,,,0.37101006507873535,,
0.38891318440437317,0.00011602052836678922,,,0.37081751227378845,,
0.38860753178596497,0.000115251648821868,,,0.37001413106918335,,
0.38849958777427673,0.00011499223910504952,,,0.3698679208755493,,
0.3883656859397888,0.00011475059000076726,,,0.36949461698532104,,
0.38826796412467957,0.00011471034667920321,,,0.36945709586143494,,
0.38821476697921753,0.00011360296048223972,,,0.36940962076187134,,
0.3880118727684021,0.0001119049484259449,,,0.36926013231277466,,
0.38793087005615234,0.00011060716497013345,,,0.3691510558128357,,
0.3876572549343109,0.0001100766530726105,,,0.36872977018356323,,
0.3875194191932678,0.0001097140702768229,,,0.36852169036865234,,
0.38722583651542664,0.00010882320930249989,,,0.3680650591850281,,
0.38718095421791077,0.00010879436740651727,,,0.368056982755661,,
0.3871179223060608,0.0001078329878509976,,,0.36799442768096924,,
0.3865295350551605,0.0001063367526512593,,,0.3678191304206848,,
0.3856535851955414,0.00010538172500673681,,,0.3676859140396118,,
0.38550373911857605,0.00010512698645470664,,,0.3673877716064453,,
0.3850722908973694,0.00010503580415388569,,,0.3672149181365967,,
0.3846839666366577,0.00010304246097803116,,,0.3663426637649536,,
0.3845413029193878,0.00010265232413075864,,,0.36614805459976196,,
0.38452449440956116,0.00010177249350817874,,,0.36545178294181824,,
0.384503036737442,0.00010102862142957747,,,0.36532875895500183,,
0.38395142555236816,0.00010090029536513612,,,0.3651251494884491,,
0.3835441470146179,0.00010024938819697127,,,0.3650955855846405,,
0.3835022747516632,9.930090891430154e-05,,,0.3649854063987732,,
0.3832249343395233,9.89845793810673e-05,,,0.3648538887500763,,
0.383109450340271,9.876639524009079e-05,,,0.36438044905662537,,
0.38244810700416565,9.803095599636436e-05,,,0.364287406206131,,
0.3823292553424835,9.740235691424459e-05,,,0.36387109756469727,,
0.3810598850250244,9.62291524047032e-05,,,0.3638240396976471,,
0.3810341954231262,9.609783592168242e-05,,,0.36342620849609375,,
0.3810180425643921,9.540426981402561e-05,,,0.362896203994751,,
0.38093990087509155,9.529043745715171e-05,,,0.3626759648323059,,
0.380868524312973,9.477967978455126e-05,,,0.3624522387981415,,
0.3807935118675232,9.430439240531996e-05,,,0.36222150921821594,,
0.37921181321144104,9.239593055099249e-05,,,0.36221420764923096,,
0.37911003828048706,9.224248060490936e-05,,,0.3621971905231476,,
0.3787301182746887,9.112933184951544e-05,,,0.36209040880203247,,
0.3787008821964264,8.957447425927967e-05,,,0.36198702454566956,,
0.37861061096191406,8.872858597896993e-05,,,0.36176249384880066,,
0.378143846988678,8.828970021568239e-05,,,0.3614483177661896,,
0.3779663145542145,8.514977525919676e-05,,,0.361345112323761,,
0.3779613971710205,8.302956121042371e-05,,,0.36128324270248413,,
0.3771933317184448,8.177610288839787e-05,,,0.360319048166275,,
0.3767033517360687,8.079732651822269e-05,,,0.3601851761341095,,
0.37663882970809937,8.025397983146831e-05,,,0.35999318957328796,,
0.3762011229991913,7.695866224821657e-05,,,0.35999277234077454,,
0.37604644894599915,7.691347127547488e-05,,,0.359733909368515,,
0.37601491808891296,7.376501889666542e-05,,,0.3592953085899353,,
0.37591326236724854,7.149764860514551e-05,,,0.35924580693244934,,
0.3758392930030823,7.017251482466236e-05,,,0.3592037856578827,,
0.375751793384552,6.996324373176321e-05,,,0.3591741621494293,,
0.37572747468948364,6.849311466794461e-05,,,0.35868731141090393,,
0.3753076493740082,6.812376523157582e-05,,,0.3582844138145447,,
0.37443238496780396,6.681864761048928e-05,,,0.3576210141181946,,
0.37399372458457947,6.296823266893625e-05,,,0.3572787344455719,,
0.3735167384147644,6.292129546636716e-05,,,0.3570235073566437,,
0.37351638078689575,6.187878170749173e-05,,,0.3569876551628113,,
0.3732842206954956,6.186390965012833e-05,,,0.35667717456817627,,
0.37323853373527527,6.018804924678989e-05,,,0.3562994599342346,,
0.3731848895549774,6.0105856391601264e-05,,,0.35613754391670227,,
0.37313395738601685,5.924700235482305e-05,,,0.3559378683567047,,
0.3729799687862396,5.86554961046204e-05,,,0.3551924228668213,,
0.37253430485725403,5.7606917835073546e-05,,,0.35449427366256714,,
0.37221571803092957,5.73014076508116e-05,,,0.35448479652404785,,
0.3720704913139343,5.6293298257514834e-05,,,0.3540254235267639,,
0.3715400993824005,5.560429781326093e-05,,,0.3538007140159607,,
0.3712158203125,5.52908459212631e-05,,,0.35374322533607483,,
0.37101006507873535,5.368372512748465e-05,,,0.3528035581111908,,
0.37081751227378845,5.345217141439207e-05,,,0.352737158536911,,
0.37001413106918335,5.311578206601553e-05,,,0.3525319993495941,,
0.3698679208755493,5.276486263028346e-05,,,0.35235610604286194,,
0.36949461698532104,5.270990004646592e-05,,,0.34955158829689026,,
0.36945709586143494,5.250721733318642e-05,,,0.34874749183654785,,
0.36940962076187134,5.213321128394455e-05,,,0.34867343306541443,,
0.36926013231277466,5.0974678742932156e-05,,,0.3486655056476593,,
0.3691510558128357,5.012307519791648e-05,,,0.348612904548645,,
0.36872977018356323,4.9636040785117075e-05,,,0.3483782410621643,,
0.36852169036865234,4.8494370275875553e-05,,,0.3481452465057373,,
0.3680650591850281,4.848257594858296e-05,,,0.34755364060401917,,
0.368056982755661,4.8104287998285145e-05,,,0.3474779725074768,,
0.36799442768096924,4.7389621613547206e-05,,,0.34711262583732605,,
0.3678191304206848,4.7388308303197846e-05,,,0.34632161259651184,,
0.3676859140396118,4.663746585720219e-05,,,0.3462072014808655,,
0.3673877716064453,4.636081212083809e-05,,,0.34609997272491455,,
0.3672149181365967,4.595339487423189e-05,,,0.3460475206375122,,
0.3663426637649536,4.584545240504667e-05,,,0.34569260478019714,,
0.36614805459976196,4.4705113396048546e-05,,,0.3453257083892822,,
0.36545178294181824,4.406547304824926e-05,,,0.34494513273239136,,
0.36532875895500183,4.1899354982888326e-05,,,0.3448992073535919,,
0.3651251494884491,4.114913099328987e-05,,,0.344786673784256,,
0.3650955855846405,4.109359724679962e-05,,,0.3445551097393036,,
0.3649854063987732,4.0729675674811006e-05,,,0.34447094798088074,,
0.3648538887500763,4.061362415086478e-05,,,0.34409037232398987,,
0.36438044905662537,3.924182601622306e-05,,,0.3437645733356476,,
0.364287406206131,3.912807733286172e-05,,,0.343420147895813,,
0.36387109756469727,3.87342442991212e-05,,,0.34334754943847656,,
0.3638240396976471,3.806105087278411e-05,,,0.34257805347442627,,
0.36342620849609375,3.593017754610628e-05,,,0.3422643542289734,,
0.362896203994751,3.583309444366023e-05,,,0.3416023850440979,,
0.3626759648323059,3.423572707106359e-05,,,0.3415682315826416,,
0.3624522387981415,3.391286372789182e-05,,,0.3405088484287262,,
0.36222150921821594,3.152282806695439e-05,,,0.3403589129447937,,
0.36221420764923096,3.107961674686521e-05,,,0.3401659429073334,,
0.3621971905231476,3.107217708020471e-05,,,0.3395654857158661,,
0.36209040880203247,2.8246275178389624e-05,,,0.33940592408180237,,
0.36198702454566956,2.8060834665666334e-05,,,0.33883461356163025,,
0.36176249384880066,2.7174648494110443e-05,,,0.3370167016983032,,
0.3614483177661896,2.5665007342468016e-05,,,0.3368768095970154,,
0.361345112323761,2.543182017689105e-05,,,0.336565762758255,,
0.36128324270248413,2.4448541807942092e-05,,,0.3356858491897583,,
0.360319048166275,2.4017097530304454e-05,,,0.33514484763145447,,
0.3601851761341095,2.2319536583381705e-05,,,0.3351436257362366,,
0.35999318957328796,2.2315856767818332e-05,,,0.3340459167957306,,
0.35999277234077454,2.1144700440345332e-05,,,0.333039253950119,,
0.359733909368515,2.0711324395961128e-05,,,0.33292970061302185,,
0.3592953085899353,1.603845157660544e-05,,,0.33119410276412964,,
0.35924580693244934,1.5412349966936745e-05,,,0.3299306035041809,,
0.3592037856578827,1.5155126675381325e-05,,,0.3294067084789276,,
0.3591741621494293,1.4631314115831628e-05,,,0.32742249965667725,,
0.35868731141090393,1.32090854094713e-05,,,0.32622048258781433,,
0.3582844138145447,1.268294272449566e-05,,,0.32604116201400757,,
0.3576210141181946,1.265625178348273e-05,,,0.323344886302948,,
0.3572787344455719,1.264159527636366e-05,,,0.32169675827026367,,
0.3570235073566437,1.2409602277330123e-05,,,0.3214620053768158,,
0.3569876551628113,1.217977569467621e-05,,,0.3198149502277374,,
0.35667717456817627,1.0961012776533607e-05,,,0.3176506757736206,,
0.3562994599342346,9.989084901462775e-06,,,0.31689050793647766,,
0.35613754391670227,8.13660335552413e-06,,,0.3163713216781616,,
0.3559378683567047,7.685057425987907e-06,,,0.3160642385482788,,
0.3551924228668213,5.399194833444199e-06,,,0.3134450912475586,,
0.35449427366256714,4.979711320629576e-06,,,0.3097568452358246,,
0.35448479652404785,4.907191396341659e-06,,,0.3074260950088501,,
0.3540254235267639,1.9749677448999137e-06,,,0.30705124139785767,,
0.3538007140159607,,,,0.30554449558258057,,
0.35374322533607483,,,,0.30549857020378113,,
0.3528035581111908,,,,0.30413731932640076,,
0.352737158536911,,,,0.3039969503879547,,
0.3525319993495941,,,,0.3035436272621155,,
0.35235610604286194,,,,0.30242303013801575,,
0.34955158829689026,,,,0.3003202974796295,,
0.34941014647483826,,,,0.29743316769599915,,
0.34874749183654785,,,,0.2956202030181885,,
0.34867343306541443,,,,0.2945004999637604,,
0.3486655056476593,,,,0.2934246063232422,,
0.348612904548645,,,,0.29328465461730957,,
0.3483782410621643,,,,0.2889723777770996,,
0.3481452465057373,,,,0.28896212577819824,,
0.34755364060401917,,,,0.2873045802116394,,
0.3474779725074768,,,,0.28671538829803467,,
0.34711262583732605,,,,0.2798454463481903,,
0.34632161259651184,,,,0.279019832611084,,
0.3462072014808655,,,,0.276721328496933,,
0.34609997272491455,,,,0.2691684365272522,,
0.3460475206375122,,,,0.2688532769680023,,
0.34569260478019714,,,,0.2657107710838318,,
0.3453257083892822,,,,0.26446598768234253,,
0.34494513273239136,,,,0.2599402368068695,,
0.3448992073535919,,,,0.2596052885055542,,
0.344786673784256,,,,0.25717848539352417,,
0.3445551097393036,,,,0.25517725944519043,,
0.34447094798088074,,,,0.25392597913742065,,
0.34409037232398987,,,,0.25380080938339233,,
0.3437645733356476,,,,0.25092455744743347,,
0.343420147895813,,,,0.2391456514596939,,
0.34334754943847656,,,,0.23423120379447937,,
0.34257805347442627,,,,0.2322750687599182,,
0.3422643542289734,,,,0.23198363184928894,,
0.3416023850440979,,,,0.23163370788097382,,
0.3415682315826416,,,,0.23066429793834686,,
0.3405088484287262,,,,0.22270339727401733,,
0.3403589129447937,,,,0.21870911121368408,,
0.3401659429073334,,,,0.21673738956451416,,
0.3395654857158661,,,,0.21515154838562012,,
0.33940592408180237,,,,0.21094243228435516,,
0.33883461356163025,,,,0.19656619429588318,,
0.3370167016983032,,,,,,
0.3368768095970154,,,,,,
0.336565762758255,,,,,,
0.3356858491897583,,,,,,
0.33514484763145447,,,,,,
0.3351436257362366,,,,,,
0.3340459167957306,,,,,,
0.333039253950119,,,,,,
0.33292970061302185,,,,,,
0.33119410276412964,,,,,,
0.3299306035041809,,,,,,
0.3294067084789276,,,,,,
0.32742249965667725,,,,,,
0.32622048258781433,,,,,,
0.32604116201400757,,,,,,
0.323344886302948,,,,,,
0.32169675827026367,,,,,,
0.3214620053768158,,,,,,
0.3198149502277374,,,,,,
0.3176506757736206,,,,,,
0.31689050793647766,,,,,,
0.3163713216781616,,,,,,
0.3160642385482788,,,,,,
0.3134450912475586,,,,,,
0.3097568452358246,,,,,,
0.3074260950088501,,,,,,
0.30705124139785767,,,,,,
0.30554449558258057,,,,,,
0.30549857020378113,,,,,,
0.30413731932640076,,,,,,
0.3039969503879547,,,,,,
0.3035436272621155,,,,,,
0.30242303013801575,,,,,,
0.3003202974796295,,,,,,
0.29743316769599915,,,,,,
0.2956202030181885,,,,,,
0.2945004999637604,,,,,,
0.2934246063232422,,,,,,
0.29328465461730957,,,,,,
0.2889723777770996,,,,,,
0.28896212577819824,,,,,,
0.2873045802116394,,,,,,
0.28671538829803467,,,,,,
0.2798454463481903,,,,,,
0.279019832611084,,,,,,
0.276721328496933,,,,,,
0.2691684365272522,,,,,,
0.2688532769680023,,,,,,
0.2657107710838318,,,,,,
0.26446598768234253,,,,,,
0.2599402368068695,,,,,,
0.2596052885055542,,,,,,
0.25717848539352417,,,,,,
0.25517725944519043,,,,,,
0.25392597913742065,,,,,,
0.25380080938339233,,,,,,
0.25092455744743347,,,,,,
0.2391456514596939,,,,,,
0.23423120379447937,,,,,,
0.2322750687599182,,,,,,
0.23198363184928894,,,,,,
0.23163370788097382,,,,,,
0.23066429793834686,,,,,,
0.22270339727401733,,,,,,
0.21870911121368408,,,,,,
0.21673738956451416,,,,,,
0.21515154838562012,,,,,,
0.21094243228435516,,,,,,
0.19656619429588318,,,,,,
